
--- create database QLBH
 GO
	
CREATE DATABASE QLBH on primary

(
NAME='QLBH_DATA',
	FILENAME='D:\DOANKHACNAM\QLBH_Data.mdf',
	SIZE=20MB,
	MAXSIZE=40MB,
	FILEGROWTH=1MB
)

LOG ON(
NAME='QLBH_log',
	FILENAME='D:\DOANKHACNAM\QLBH_Log.ldf',
	SIZE=6MB,
	MAXSIZE=8MB,
	FILEGROWTH=1MB
)
 use QLBH
-- TAO BANG
CREATE TABLE KHACHHANG 
	(MAKHACHHANG CHAR (10) NOT NULL, TENCONGTY NVARCHAR (35), TENGIAODICH CHAR (10), DIACHI NVARCHAR (50), EMAIL CHAR (30), DIENTHOAI CHAR (12), FAX CHAR (12))
CREATE TABLE DONDATHANG (SOHOADON INT NOT NULL, MAKHACHHANG CHAR (10), MANHANVIEN INT, NGAYDATHANG DATE, NGAYGIAOHANG DATE, NGAYCHUYENHANG DATE, NOIGIAOHANG NVARCHAR (50))
CREATE TABLE NHANVIEN (MANHANVIEN INT IDENTITY (1,1) NOT NULL, HO NVARCHAR (20), TEN NVARCHAR (10), NGAYSINH DATE, NGAYLAMVIEC DATE, DIACHI NVARCHAR (50), DIENTHOAI CHAR (12), LUONGCOBAN FLOAT, PHUCAP FLOAT)
CREATE TABLE NHACUNGCAP (MACONGTY CHAR (10) NOT NULL, TENCONGTY NVARCHAR (35), TENGIAODICH CHAR (10), DIACHI NVARCHAR (50), DIENTHOAI CHAR (12), FAX CHAR (12), EMAIL CHAR (30))
CREATE TABLE CHITIETDATHANG (SOHOADON INT NOT NULL, MAHANG INT NOT NULL, GIABAN FLOAT, SOLUONG INT, MUCGIAMGIA FLOAT)
CREATE TABLE MATHANG (MAHANG INT IDENTITY (1,1) NOT NULL, TENHANG NVARCHAR (15), MACONGTY CHAR (10), MALOAIHANG CHAR (3), SOLUONG FLOAT, DONVITINH CHAR (7), GIAHANG FLOAT)
CREATE TABLE LOAIHANG (MALOAIHANG CHAR (3) NOT NULL, TENLOAIHANG NVARCHAR (15))
-- TAO KHOA CHINH
ALTER TABLE KHACHHANG ADD CONSTRAINT p_KH PRIMARY KEY (MAKHACHHANG)
ALTER TABLE DONDATHANG ADD CONSTRAINT p_DDH PRIMARY KEY (SOHOADON)
ALTER TABLE NHANVIEN ADD CONSTRAINT p_NV PRIMARY KEY (MANHANVIEN)
ALTER TABLE NHACUNGCAP ADD CONSTRAINT p_NCC PRIMARY KEY (MACONGTY)
ALTER TABLE CHITIETDATHANG ADD CONSTRAINT p_CTDH PRIMARY KEY (SOHOADON, MAHANG)
ALTER TABLE MATHANG ADD CONSTRAINT p_MH PRIMARY KEY (MAHANG)
ALTER TABLE LOAIHANG ADD CONSTRAINT p_LH PRIMARY KEY (MALOAIHANG)
-- TAO KHOA NGOAI
ALTER TABLE DONDATHANG ADD CONSTRAINT f_DDH_KH FOREIGN KEY (MAKHACHHANG) REFERENCES KHACHHANG(MAKHACHHANG)
ALTER TABLE DONDATHANG ADD CONSTRAINT f_DDH_NV FOREIGN KEY (MANHANVIEN) REFERENCES NHANVIEN(MANHANVIEN)
ALTER TABLE CHITIETDATHANG ADD CONSTRAINT f_CTDH_DDH FOREIGN KEY (SOHOADON) REFERENCES DONDATHANG(SOHOADON)
ALTER TABLE CHITIETDATHANG ADD CONSTRAINT f_CTDH_MH FOREIGN KEY (MAHANG) REFERENCES MATHANG(MAHANG)
ALTER TABLE MATHANG ADD CONSTRAINT f_MH_NCC FOREIGN KEY (MACONGTY) REFERENCES NHACUNGCAP(MACONGTY)
ALTER TABLE MATHANG ADD CONSTRAINT f_MH_LH FOREIGN KEY (MALOAIHANG) REFERENCES LOAIHANG(MALOAIHANG)
-- NHAP DU LIEU
go
SET DATEFORMAT MDY
	go
	-- BANG LOAI HANG
INSERT INTO LOAIHANG VALUES (N'BK', N'BÁNH KẸO')
INSERT INTO LOAIHANG VALUES (N'TP', N'THỰC PHẨM')
INSERT INTO LOAIHANG VALUES (N'TC', N'TRÁI CÂY')
INSERT INTO LOAIHANG VALUES (N'AQ', N'ÁO QUẦN')
SELECT *
FROM LOAIHANG
	-- BANG NHAN VIEN
INSERT INTO NHANVIEN (HO, TEN, NGAYSINH, NGAYLAMVIEC, DIACHI, DIENTHOAI)
	   VALUES (N'NGUYỄN LỆ', N'NGA', '10/12/64', '10/12/94', N'13 HÙNG VƯƠNG P4 Q5', '()5465465')
INSERT INTO NHANVIEN (HO, TEN, NGAYSINH, NGAYLAMVIEC, DIACHI, DIENTHOAI)
	   VALUES (N'HÀ VĨNH', N'PHÁT', '07/12/79', '02/03/02', N'81 ĐỒNG KHỞI Q1', '()8767461')
INSERT INTO NHANVIEN (HO, TEN, NGAYSINH, NGAYLAMVIEC, DIACHI, DIENTHOAI)
	   VALUES (N'TRẦN TUYẾT', 'OANH', '02/02/67', '10/10/91', N'45 LÊ QUÝ ĐÔN Q3', '()5465465')
INSERT INTO NHANVIEN (HO, TEN, NGAYSINH, NGAYLAMVIEC, DIACHI, DIENTHOAI)
	   VALUES (N'NGUYỄN KIM', N'NGỌC', '12/25/80', '10/12/07', N'187 HẬU GIANG P5 Q6', '()554654')
INSERT INTO NHANVIEN (HO, TEN, NGAYSINH, NGAYLAMVIEC, DIACHI, DIENTHOAI)
	   VALUES (N'TRƯƠNG DUY', N'HÙNG', '10/10/82', '10/11/07', N'77 TRƯƠNG ĐỊNH Q1', '()5871544')
INSERT INTO NHANVIEN (HO, TEN, NGAYSINH, NGAYLAMVIEC, DIACHI, DIENTHOAI)
	   VALUES (N'LƯƠNG BÁ', N'THẮNG', '10/12/68', '06/03/98', N'92 LÊ THÁNH TÔN Q1', '()8754165')
INSERT INTO NHANVIEN (HO, TEN, NGAYSINH, NGAYLAMVIEC, DIACHI, DIENTHOAI)
	   VALUES (N'LÂM SƠN', N'HOÀNG', '02/03/78', '10/10/01', N'45 KÝ CON Q1', '()8231231')
INSERT INTO NHANVIEN (HO, TEN, NGAYSINH, NGAYLAMVIEC, DIACHI, DIENTHOAI)
	   VALUES (N'NGUYỄN MINH', N'HỒNG', '10/30/68', '10/30/98', N'22 LẠC LONG QUÂN Q10', '()7845138')
INSERT INTO NHANVIEN (HO, TEN, NGAYSINH, NGAYLAMVIEC, DIACHI, DIENTHOAI)
	   VALUES (N'VƯƠNG NGỌC', N'LAN', '12/10/67', '12/10/97', N'227 HAI BÀ TRƯNG Q1', '()7784184')
INSERT INTO NHANVIEN (HO, TEN, NGAYSINH, NGAYLAMVIEC, DIACHI, DIENTHOAI)
	   VALUES (N'NGUYỄN THỊ', N'MAI', '11/10/67', '12/10/97', N'12 NGUYỄN CHÍ THANH Q3', '()3451365')
INSERT INTO NHANVIEN (HO, TEN, NGAYSINH, NGAYLAMVIEC, DIACHI, DIENTHOAI)
	   VALUES (N'LÊ VĂN', N'HÙNG', '03/06/57', '03/06/90', N'56 NGUYỄN TRÃI Q1', '()5745785')
INSERT INTO NHANVIEN (HO, TEN, NGAYSINH, NGAYLAMVIEC, DIACHI, DIENTHOAI)
	   VALUES (N'NGUYỄN THỊ', N'HOA', '10/10/66', '12/10/96', N'12 NGUYỄN TRÃI Q1', '()6465465')
SELECT *
FROM NHANVIEN
	-- BANG NHA CUNG CAP
INSERT INTO NHACUNGCAP (MACONGTY, TENCONGTY, TENGIAODICH, DIACHI, DIENTHOAI)
		VALUES ('VIETTIEN', N'CÔNG TY MAY VIỆT TIẾN', 'VIETEC', N'KHU A - CN TÂN TẠO', '4574789')
INSERT INTO NHACUNGCAP (MACONGTY, TENCONGTY, TENGIAODICH, DIACHI, DIENTHOAI)
		VALUES ('DOM', N'CÔNG TY THỰC PHẨM', 'DOMEC', N'23 NGUYỄN TRỌNG TUYỂN', '3456678')
INSERT INTO NHACUNGCAP (MACONGTY, TENCONGTY, TENGIAODICH, DIACHI, DIENTHOAI)
		VALUES ('HEC', N'CÔNG TY TRÁCH NHIỆM HỮU HẠN LAN HÀ', 'HECCO', N'12 NGUYỄN THÁI SƠN', '4554678')
SELECT *
FROM NHACUNGCAP
	-- BANG KHACH HANG
INSERT INTO KHACHHANG (MAKHACHHANG, TENCONGTY, DIACHI, DIENTHOAI)
		VALUES ('CINOTEC', N'ĐIỆN TOÁN SÀI GÒN', N'43 YẾT KIÊU P6 Q3', '() 7931752')
INSERT INTO KHACHHANG (MAKHACHHANG, TENCONGTY, DIACHI, DIENTHOAI)
		VALUES ('COMECO', N'VẬT TƯ THIẾT BỊ GTVT', N'226 THUẬN KIỀU Q11', '() 8456781')
INSERT INTO KHACHHANG (MAKHACHHANG, TENCONGTY, DIACHI, DIENTHOAI)
		VALUES ('FAHASA', N'PHÁT HÀNH SÁCH SÀI GÒN', N'12 THUẬN KIỀU Q5', '() 8452792')
INSERT INTO KHACHHANG (MAKHACHHANG, TENCONGTY, DIACHI, DIENTHOAI)
		VALUES ('FISC', N'DỊCH VỤ ĐẦU TƯ NƯỚC NGOÀI', N'31 TRƯƠNG ĐỊNH P6 Q1', ' ')
INSERT INTO KHACHHANG (MAKHACHHANG, TENCONGTY, DIACHI, DIENTHOAI)
		VALUES ('HUNSAN', N'HỪNG SÁNG', N'175 LÝ THƯỜNG KIỆT', '() 5465478')
INSERT INTO KHACHHANG (MAKHACHHANG, TENCONGTY, DIACHI, DIENTHOAI)
		VALUES ('LIXCO', N'BỘT GIẶT LIX', N'79 BÀN CỜ P3 Q5', '() 8952187')
INSERT INTO KHACHHANG (MAKHACHHANG, TENCONGTY, DIACHI, DIENTHOAI)
		VALUES ('SAFICO', N'THỦY SẢN XUẤT KHẨU', N'47 BÃI SẬY P1 Q11', '')
INSERT INTO KHACHHANG (MAKHACHHANG, TENCONGTY, DIACHI, DIENTHOAI)
		VALUES ('SJC', N'VÀNG BẠC ĐÁ QUÝ TPHCM', N'350 CÁCH MẠNG THÁNG 8 P12 Q3', '() 8543543')
INSERT INTO KHACHHANG (MAKHACHHANG, TENCONGTY, DIACHI, DIENTHOAI)
		VALUES ('TAFACO', N'THƯƠNG MẠI TẤN PHÁT', N'4 TRẦN PHÚ P4 Q5', '() 8754875')
INSERT INTO KHACHHANG (MAKHACHHANG, TENCONGTY, DIACHI, DIENTHOAI)
		VALUES ('THADACO', N'THƯƠNG MẠI THÀNH ĐẠT', N'6E BÌNH AN Q5', '() 5465454')
INSERT INTO KHACHHANG (MAKHACHHANG, TENCONGTY, DIACHI, DIENTHOAI)
		VALUES ('TRACODI', N'ĐẦU TƯ PHÁT TRIỂN GTVT', N'343 NHẬT TẢO Q10', '() 5321321')
INSERT INTO KHACHHANG (MAKHACHHANG, TENCONGTY, DIACHI, DIENTHOAI)
		VALUES ('TRANACO', N'DỊCH VỤ VẬN TẢI Q3', N'156 LÊ ĐẠI HÀNH P7 Q10', '() 8654635')
INSERT INTO KHACHHANG (MAKHACHHANG, TENCONGTY, DIACHI, DIENTHOAI)
		VALUES ('VIETTIEN', N'CTY DỆT MAY VIỆT TIẾN', N'24 KHU A - CN TÂN TẠO', '() 4565670')
SELECT *
FROM KHACHHANG
	-- BANG MAT HANG
INSERT INTO MATHANG (TENHANG, MACONGTY, MALOAIHANG, SOLUONG, DONVITINH, GIAHANG)
		VALUES (N'RƯỢU', 'DOM', 'BK', 4, 'CHAI', 230.50)
INSERT INTO MATHANG (TENHANG, MACONGTY, MALOAIHANG, SOLUONG, DONVITINH, GIAHANG)
		VALUES (N'GIA VỊ', 'HEC', 'TP', 2, N'THÙNG', 40.00)
INSERT INTO MATHANG (TENHANG, MACONGTY, MALOAIHANG, SOLUONG, DONVITINH, GIAHANG)
		VALUES ('BÁNH KEM', 'HEC', 'BK', 15, 'CÁI', 2.00)
INSERT INTO MATHANG (TENHANG, MACONGTY, MALOAIHANG, SOLUONG, DONVITINH, GIAHANG)
		VALUES (N'BƠ', 'HEC', 'BK', 5, 'KG', 15.00)
INSERT INTO MATHANG (TENHANG, MACONGTY, MALOAIHANG, SOLUONG, DONVITINH, GIAHANG)
		VALUES (N'BÁNH MÌ', 'HEC', 'BK', 20, N'CÁI', 1.00)
INSERT INTO MATHANG (TENHANG, MACONGTY, MALOAIHANG, SOLUONG, DONVITINH, GIAHANG)
		VALUES ('NEM', 'DOM', 'TP', 20, 'KG', 10.00)
INSERT INTO MATHANG (TENHANG, MACONGTY, MALOAIHANG, SOLUONG, DONVITINH, GIAHANG)
		VALUES (N'TÁO', 'DOM', 'TC', 28, 'KG', 5.00)
INSERT INTO MATHANG (TENHANG, MACONGTY, MALOAIHANG, SOLUONG, DONVITINH, GIAHANG)
		VALUES (N'CÁ HỘP', 'HEC', 'TP', 5, N'THÙNG', 62.50)
INSERT INTO MATHANG (TENHANG, MACONGTY, MALOAIHANG, SOLUONG, DONVITINH, GIAHANG)
		VALUES (N'KẸO', 'DOM', 'BK', 10, N'THÙNG', 12.00)
INSERT INTO MATHANG (TENHANG, MACONGTY, MALOAIHANG, SOLUONG, DONVITINH, GIAHANG)
		VALUES (N'GẠO', 'DOM', 'TP', 50, 'KG', 2.00)
INSERT INTO MATHANG (TENHANG, MACONGTY, MALOAIHANG, SOLUONG, DONVITINH, GIAHANG)
		VALUES (N'NẾP', 'DOM', 'TP', 60, 'KG', 3.00)
INSERT INTO MATHANG (TENHANG, MACONGTY, MALOAIHANG, SOLUONG, DONVITINH, GIAHANG)
		VALUES (N'ÁO SƠ MI', 'VIETTIEN', 'AQ', 12, N'CÁI', 50)
SELECT *
FROM MATHANG
	-- BANG DON DAT HANG
	/* TABLE DONDATHANG*/
 INSERT INTO DONDATHANG VALUES('10148','FISC','1','01/10/04','2/2/04',NULL,NULL)
INSERT INTO DONDATHANG VALUES('10150','HUNSAN','4','10/03/04','2/2/04',NULL,NULL)
INSERT INTO DONDATHANG VALUES('10156','FISC','4','10/12/12','2/2/04',NULL,NULL)
INSERT INTO DONDATHANG VALUES('10157','SAFICO','2','10/10/04','2/2/04',NULL,NULL)
INSERT INTO DONDATHANG VALUES('10158','HUNSAN','5','10/11/04','2/2/04',NULL,NULL)
INSERT INTO DONDATHANG VALUES('10159','COMECO','8','10/04/04','2/2/04',NULL,NULL)
INSERT INTO DONDATHANG VALUES('10160','THADACO','11','10/13/04','2/2/04',NULL,NULL)
INSERT INTO DONDATHANG VALUES('10162','TRANACO','7','10/25/04','2/2/04',NULL,NULL)
INSERT INTO DONDATHANG VALUES('10163','TRACODI','3','10/02/04','2/2/04',NULL,NULL)
INSERT INTO DONDATHANG VALUES('10166','SJC','9','10/21/04','2/2/04',NULL,NULL)
INSERT INTO DONDATHANG VALUES('10172','TAFACO','9','10/12/04','2/2/04',NULL,NULL)
INSERT INTO DONDATHANG VALUES('10175','TRANACO','9','10/03/04','2/2/04',NULL,NULL)
INSERT INTO DONDATHANG VALUES('10177','COMECO','2','10/29/04','2/2/04',NULL,NULL)
INSERT INTO DONDATHANG VALUES('10183','SAFICO','2','10/01/04','2/2/04',NULL,NULL)
INSERT INTO DONDATHANG VALUES('10186','TRACODI','11','10/01/04','2/2/04',NULL,NULL)
INSERT INTO DONDATHANG VALUES('10196','SJC','1','10/01/04','2/2/04',NULL,NULL)
INSERT INTO DONDATHANG VALUES('10202','COMECO','4','10/01/04','2/2/04',NULL,NULL)
INSERT INTO DONDATHANG VALUES('10207','SJC','2','10/01/04','2/2/04',NULL,NULL)
INSERT INTO DONDATHANG VALUES('10208','TRACODI','8','10/01/04','2/2/04',NULL,NULL)
INSERT INTO DONDATHANG VALUES('10210','SJC','1','10/01/04','2/2/04',NULL,NULL)
INSERT INTO DONDATHANG VALUES('10214','HUNSAN','6','10/01/04','2/2/04',NULL,NULL)
INSERT INTO DONDATHANG VALUES('10221','TRACODI','11','10/01/04','2/2/04',NULL,NULL)
INSERT INTO DONDATHANG VALUES('10223','SJC','8','10/01/04','2/2/04',NULL,NULL)
INSERT INTO DONDATHANG VALUES('10224','SAFICO','7','10/01/04','2/2/04',NULL,NULL)
INSERT INTO DONDATHANG VALUES('10225','COMECO','2','10/01/04','2/2/04',NULL,NULL)
INSERT INTO DONDATHANG VALUES('10226','FAHASA','3','10/01/04','2/2/04',NULL,NULL)
INSERT INTO DONDATHANG VALUES('10227','SAFICO','8','10/01/04','2/2/04',NULL,NULL)
INSERT INTO DONDATHANG VALUES('10228','HUNSAN','2','10/01/04','2/2/04',NULL,NULL)
INSERT INTO DONDATHANG VALUES('10230','HUNSAN','2','10/01/04','2/2/04',NULL,NULL)
INSERT INTO DONDATHANG VALUES('10238','LIXCO','7','10/01/04','2/2/04',NULL,NULL)
INSERT INTO DONDATHANG VALUES('10252','TRACODI','3','10/01/04','2/2/04',NULL,NULL)
	select * from dondathang
	-- BANG CHI TIET DAT HANG
	INSERT INTO CHITIETDATHANG (SOHOADON, MAHANG, GIABAN, SOLUONG, MUCGIAMGIA)
VALUES (10148, 3, 220, 2000, 1)
INSERT INTO CHITIETDATHANG (SOHOADON, MAHANG, GIABAN, SOLUONG, MUCGIAMGIA)
VALUES (10148, 4, 16.50, 30.00, 2)
INSERT INTO CHITIETDATHANG (SOHOADON, MAHANG, GIABAN, SOLUONG, MUCGIAMGIA)
VALUES (10148, 9, 13.20, 20.00, 1)
INSERT INTO CHITIETDATHANG (SOHOADON, MAHANG, GIABAN, SOLUONG, MUCGIAMGIA)
VALUES (10150, 2, 44.00, 22.00, 3)
INSERT INTO CHITIETDATHANG (SOHOADON, MAHANG, GIABAN, SOLUONG, MUCGIAMGIA)
VALUES (10150, 4, 16.50, 10.00, 2)
INSERT INTO CHITIETDATHANG (SOHOADON, MAHANG, GIABAN, SOLUONG, MUCGIAMGIA)
VALUES (10156, 8, 68.75, 20.00, 4)
INSERT INTO CHITIETDATHANG (SOHOADON, MAHANG, GIABAN, SOLUONG, MUCGIAMGIA)
VALUES (10157, 3, 2.20, 4.00, 3)
INSERT INTO CHITIETDATHANG (SOHOADON, MAHANG, GIABAN, SOLUONG, MUCGIAMGIA)
VALUES (10157, 4, 16.50, 50.00, 1)
INSERT INTO CHITIETDATHANG (SOHOADON, MAHANG, GIABAN, SOLUONG, MUCGIAMGIA)
VALUES (10159, 1, 253.55, 30.00, 1)
INSERT INTO CHITIETDATHANG (SOHOADON, MAHANG, GIABAN, SOLUONG, MUCGIAMGIA)
VALUES (10159, 7, 5.20, 2.00, 2)
INSERT INTO CHITIETDATHANG (SOHOADON, MAHANG, GIABAN, SOLUONG, MUCGIAMGIA)
VALUES (10162, 1, 253.55, 5.00, 1)
INSERT INTO CHITIETDATHANG (SOHOADON, MAHANG, GIABAN, SOLUONG, MUCGIAMGIA)
VALUES (10162, 2, 44.00, 10.00, 3)
 
INSERT INTO CHITIETDATHANG (SOHOADON, MAHANG, GIABAN, SOLUONG, MUCGIAMGIA)
VALUES (10172, 5, 1.10, 25.00, 4)
INSERT INTO CHITIETDATHANG (SOHOADON, MAHANG, GIABAN, SOLUONG, MUCGIAMGIA)
VALUES (10175, 8, 68.75, 20.00, 1)
INSERT INTO CHITIETDATHANG (SOHOADON, MAHANG, GIABAN, SOLUONG, MUCGIAMGIA)
VALUES (10183, 4, 16.50, 12.00, 2)
INSERT INTO CHITIETDATHANG (SOHOADON, MAHANG, GIABAN, SOLUONG, MUCGIAMGIA)
VALUES (10183, 5, 1.10, 20.00, 1)
INSERT INTO CHITIETDATHANG (SOHOADON, MAHANG, GIABAN, SOLUONG, MUCGIAMGIA)
VALUES (10183, 6, 11.00, 12.00, 4)
INSERT INTO CHITIETDATHANG (SOHOADON, MAHANG, GIABAN, SOLUONG, MUCGIAMGIA)
VALUES (10196, 4, 16.50, 12.00, 1)
INSERT INTO CHITIETDATHANG (SOHOADON, MAHANG, GIABAN, SOLUONG, MUCGIAMGIA)
VALUES (10196, 9, 13.20, 50.00, 3)
INSERT INTO CHITIETDATHANG (SOHOADON, MAHANG, GIABAN, SOLUONG, MUCGIAMGIA)
VALUES (10207, 5, 1.10, 15.00, 1)
INSERT INTO CHITIETDATHANG (SOHOADON, MAHANG, GIABAN, SOLUONG, MUCGIAMGIA)
VALUES (10208, 7, 5.50, 20.00, 2)
INSERT INTO CHITIETDATHANG (SOHOADON, MAHANG, GIABAN, SOLUONG, MUCGIAMGIA)
VALUES (10224, 9, 13.20, 22.00, 4)
INSERT INTO CHITIETDATHANG (SOHOADON, MAHANG, GIABAN, SOLUONG, MUCGIAMGIA)
VALUES (10225, 1, 253.55, 10.00, 1)
INSERT INTO CHITIETDATHANG (SOHOADON, MAHANG, GIABAN, SOLUONG, MUCGIAMGIA)
VALUES (10225, 4, 16.50, 7.00, 2)
select *from CHITIETDATHANG
/*
--A. Thực hiện chỉnh sửa dữ liệu và cấu trúc yêu cầu sau:
--1. Trong bảng MATHANG VÀ CHITIETDATHANG, cột SOLUONG >=0
alter table mathang
	add constraint mathang_sl check (soluong>=0)
	insert int MATHANG(TENHANG,MACONGTY,MALOAIHANG,SOLUONG)
	values ('test','HEC','bk',1)
	update MATHANG set SOLUONG=10 WHERE MATHANG=139
	SELECT FROM MATHANG
2. Thêm vào bảng LOAIHANG cột SOLUONG với kiểu dữ liệu là float với giá trị mặc 
định là 0 và ràng buộc cột số lượng phải >=0
ALTER TABLE LOAIHANG
ADD SOLUONG FLOAT CHECK (SOLUONG>=0) DEFAUT 0
3. Cập nhật dữ liệu cho bảng KHACHHANG với TENGIAODICH là TENCONGTY